<?xml version="1.0" encoding="UTF-8"?>
<beans xmlns="http://www.springframework.org/schema/beans"
    xmlns:xsi="http://www.w3.org/2001/XMLSchema-instance"
    xmlns:jaxws="http://cxf.apache.org/jaxws"
    xmlns:jaxrs="http://cxf.apache.org/jaxrs"
    xsi:schemaLocation="
 
http://www.springframework.org/schema/beans
 
http://www.springframework.org/schema/beans/spring-beans.xsd
 
http://cxf.apache.org/jaxrs
 
http://cxf.apache.org/schemas/jaxrs.xsd
 
http://cxf.apache.org/jaxws
 
http://cxf.apache.org/schemas/jaxws.xsd">
 
    <import resource="classpath:META-INF/cxf/cxf.xml" />
    <import resource="classpath:META-INF/cxf/cxf-extension-soap.xml" />
    <import resource="classpath:META-INF/cxf/cxf-servlet.xml" />
 
    <jaxws:endpoint
      id="movieRes"
      implementor="com.ct.resources.MovieResource"
      address="/movieresource" />
 
    <bean id="movieResource" class="com.ct.resource.MovieResource"/>
 
    <jaxrs:server id="movieResor" address="/movieresource">
        <jaxrs:serviceBeans>
        <ref bean="MovieResource"/>
        </jaxrs:serviceBeans>
    </jaxrs:server>
 
</beans>